id,first_name,last_name,email,gender,ip_address
1,Romona,Blaxill,rblaxill0@bing.com,true,56.24.43.122
2,Kare,Debow,kdebow1@bravesites.com,false,
3,Miguela,Hurcombe,mhurcombe2@parallels.com,true,
4,Leif,,lstockwell3@histats.com,true,204.148.119.164
5,Les,Nock,lnock4@dmoz.org,false,47.194.127.116
6,Catharina,,cpetigrew5@upenn.edu,false,118.228.35.213
7,Kendall,Penk,kpenk6@mapquest.com,false,16.54.29.208
8,Eal,Gannicott,egannicott7@opera.com,true,
9,Fidela,Masters,fmasters8@umich.edu,true,107.23.158.125
10,Mechelle,Sleaford,msleaford9@slate.com,true,
11,Bevvy,Utterson,buttersona@about.com,false,16.218.218.86
12,Hammad,Dohmann,hdohmannb@homestead.com,true,
13,Woodrow,Wedgwood,wwedgwoodc@flavors.me,true,
14,Cammie,Abramowitz,cabramowitzd@elpais.com,false,188.218.188.210
15,Che,,cbrimblecombe@vinaora.com,true,77.79.205.61
16,Rois,Tilston,rtilstonf@imageshack.us,false,75.104.70.211
17,Kendra,Woolward,kwoolwardg@slate.com,false,78.2.170.132
18,Ives,Wignall,iwignallh@shareasale.com,true,26.93.236.72
19,Sigmund,Cambden,scambdeni@storify.com,false,8.117.200.143
20,Nata,Kelson,nkelsonj@xinhuanet.com,false,91.80.238.252
21,Rollins,Scupham,rscuphamk@businesswire.com,false,
22,Berrie,Al Hirsi,balhirsil@t-online.de,false,
23,Catlaina,Brew,cbrewm@ibm.com,true,122.116.92.66
24,Husein,Aveline,havelinen@yellowpages.com,true,249.249.0.56
25,Carlynne,Dermot,cdermoto@altervista.org,false,
26,Dewey,Allsopp,dallsoppp@tripod.com,false,
27,Lee,Daspar,ldasparq@kickstarter.com,true,57.230.16.180
28,Denna,Fassan,dfassanr@pinterest.com,false,138.250.164.90
29,Pascale,Lescop,plescops@printfriendly.com,true,
30,Marilin,Pinchbeck,mpinchbeckt@dedecms.com,false,11.237.177.45
31,Darrelle,,delgeru@blinklist.com,true,
32,Fremont,Judson,fjudsonv@last.fm,true,
33,Stevie,McTrustey,smctrusteyw@senate.gov,false,127.92.133.206
34,James,Beal,jbealx@webs.com,false,
35,Benedicta,Trevan,btrevany@redcross.org,true,43.244.26.183
36,Forest,Roumier,froumierz@newyorker.com,false,81.174.190.50
37,Happy,Grogor,hgrogor10@miitbeian.gov.cn,false,221.237.157.254
38,Ivonne,Titchen,ititchen11@tiny.cc,true,35.21.124.182
39,Silvio,Boatwright,sboatwright12@ebay.co.uk,false,37.111.171.28
40,Conroy,Zute,czute13@goodreads.com,false,
41,Alta,Gawke,agawke14@elpais.com,false,246.54.191.235
42,Georgianna,Dando,gdando15@biglobe.ne.jp,true,159.197.96.66
43,Cy,,ccleminson16@umich.edu,true,217.191.235.75
44,Shalom,Bansal,sbansal17@psu.edu,true,
45,Patrizio,Skoate,pskoate18@blog.com,false,
46,Heriberto,Finding,hfinding19@google.it,true,50.221.1.160
47,Garrott,Leamy,gleamy1a@mit.edu,false,
48,Justinian,Agge,jagge1b@addtoany.com,true,
49,Jo-ann,MacIlhargy,jmacilhargy1c@rakuten.co.jp,false,197.169.68.248
50,Lamar,Lilian,llilian1d@mlb.com,false,
51,Raffaello,,rreedyhough1e@dell.com,true,48.28.172.166
52,Antonius,Santoro,asantoro1f@va.gov,true,51.229.213.41
53,Carr,Burry,cburry1g@cargocollective.com,true,
54,Kendell,Davers,kdavers1h@nhs.uk,true,
55,Raquel,Haglington,rhaglington1i@theatlantic.com,true,127.4.153.45
56,Elmira,Geffcock,egeffcock1j@wordpress.com,false,41.115.35.94
57,Reade,Goroni,rgoroni1k@tinyurl.com,false,170.199.96.16
58,Krystal,Hothersall,khothersall1l@businessweek.com,true,
59,Sharla,Danielian,sdanielian1m@mapy.cz,false,34.172.89.184
60,Winni,Bichard,wbichard1n@gmpg.org,true,11.55.169.215
61,Trumann,Hub,thub1o@mlb.com,false,113.94.11.165
62,Niels,Braganza,nbraganza1p@mozilla.com,false,183.148.49.7
63,Jameson,Frearson,jfrearson1q@irs.gov,false,13.221.114.232
64,Toddie,Gilman,tgilman1r@lycos.com,false,
65,Virginia,Brumhead,vbrumhead1s@thetimes.co.uk,true,250.89.61.19
66,Christiana,Worge,cworge1t@loc.gov,true,236.35.181.224
67,Eddie,,efeighney1u@gmpg.org,false,
68,Griffie,Clynter,gclynter1v@1688.com,false,
69,Ashly,Denmead,adenmead1w@reference.com,false,1.104.55.224
70,Gussie,Gogie,ggogie1x@hc360.com,false,
71,Dael,Shegog,dshegog1y@webmd.com,false,52.153.3.182
72,Yelena,Geri,ygeri1z@360.cn,false,
73,Earl,McClary,emcclary20@psu.edu,false,
74,Valera,Helstrip,vhelstrip21@godaddy.com,true,55.51.5.5
75,Warren,McKelloch,wmckelloch22@virginia.edu,true,
76,Stuart,Phippin,sphippin23@a8.net,true,21.231.74.79
77,Margette,Woollaston,mwoollaston24@ibm.com,false,
78,Kaleb,Dykes,kdykes25@cbslocal.com,false,
79,Stern,Stygall,sstygall26@sohu.com,false,
80,Lissie,Windybank,lwindybank27@chronoengine.com,true,
81,Mirelle,Henworth,mhenworth28@wikipedia.org,false,255.59.36.225
82,Ravid,,rburbudge29@biglobe.ne.jp,true,
83,Honor,Whiteman,hwhiteman2a@nba.com,false,
84,Amelina,Halloran,ahalloran2b@exblog.jp,true,
85,Adelheid,Shewry,ashewry2c@examiner.com,false,
86,Ingrim,Cradoc,icradoc2d@upenn.edu,false,
87,Carlo,Duxbury,cduxbury2e@cnbc.com,false,238.215.32.162
88,Reinwald,Holworth,rholworth2f@springer.com,true,113.89.168.71
89,Anabella,Dimmack,adimmack2g@epa.gov,false,56.14.53.172
90,Benjamin,Barlthrop,bbarlthrop2h@tumblr.com,false,
91,Buiron,Betje,bbetje2i@google.co.uk,true,
92,Jason,Fulmen,jfulmen2j@godaddy.com,true,
93,Dexter,Sinnett,dsinnett2k@netscape.com,true,58.177.133.159
94,Rosanna,,rraithbie2l@wsj.com,true,
95,Dena,Danzig,ddanzig2m@kickstarter.com,true,
96,Nickolaus,Bartusek,nbartusek2n@google.fr,true,243.103.177.253
97,Sybil,,serni2o@webnode.com,false,96.231.90.196
98,Ephraim,Kubu,ekubu2p@flickr.com,false,121.15.28.218
99,Lonny,Matijasevic,lmatijasevic2q@chronoengine.com,false,
100,Meridel,Calken,mcalken2r@theatlantic.com,true,194.210.94.73
101,Tulley,Banasik,tbanasik2s@theguardian.com,false,3.210.180.172
102,Dulcia,Dobell,ddobell2t@phoca.cz,true,
103,Lars,Gauld,lgauld2u@salon.com,true,
104,Hedwig,Zanitti,hzanitti2v@ovh.net,true,
105,Ashley,Watsam,awatsam2w@columbia.edu,true,53.231.11.18
106,Andriana,Reinhardt,areinhardt2x@youtu.be,false,
107,Joelle,Winterburn,jwinterburn2y@elegantthemes.com,true,192.16.83.6
108,Dill,Beagley,dbeagley2z@zimbio.com,false,
109,Sile,Loddy,sloddy30@cnet.com,false,31.255.253.194
110,Bernard,Scare,bscare31@phpbb.com,true,255.71.199.190
111,Innis,Bluschke,ibluschke32@scientificamerican.com,false,180.196.42.224
112,Alfonse,Wraith,awraith33@go.com,false,71.211.94.169
113,Rozanna,Bulford,rbulford34@multiply.com,false,
114,Florida,Jerrolt,fjerrolt35@ameblo.jp,true,142.27.104.129
115,Olenolin,,oblanket36@friendfeed.com,true,
116,Yoshi,Dodsworth,ydodsworth37@cocolog-nifty.com,true,182.33.160.77
117,Wilbur,Crummey,wcrummey38@ask.com,true,
118,Callie,McLurg,cmclurg39@europa.eu,true,
119,Britte,McKirton,bmckirton3a@oakley.com,false,115.155.24.180
120,Lucky,Worstall,lworstall3b@bizjournals.com,true,196.30.72.100
121,Vally,Erdis,verdis3c@unblog.fr,true,
122,Werner,Mixon,wmixon3d@unc.edu,true,
123,Christiana,Grombridge,cgrombridge3e@mit.edu,true,133.142.78.19
124,Lynde,Attwoull,lattwoull3f@about.com,true,
125,Joline,Drage,jdrage3g@wikispaces.com,true,128.57.22.142
126,Celinda,Tremontana,ctremontana3h@vimeo.com,true,
127,Gil,Scott,gscott3i@nymag.com,true,41.88.163.115
128,Shaun,Cosson,scosson3j@techcrunch.com,true,122.179.174.131
129,Camile,Aizikovitz,caizikovitz3k@vkontakte.ru,false,
130,Danika,Roscher,droscher3l@acquirethisname.com,true,37.225.205.229
131,Marianna,Downing,mdowning3m@php.net,true,44.155.30.56
132,Isidora,Virgoe,ivirgoe3n@yolasite.com,true,184.255.88.129
133,Aila,Bugbird,abugbird3o@slashdot.org,true,
134,Orsa,Jephcote,ojephcote3p@wikipedia.org,true,
135,Sonny,Spanton,sspanton3q@csmonitor.com,true,242.157.43.221
136,Dall,Egger,degger3r@theatlantic.com,false,230.16.182.36
137,Mora,Cracknell,mcracknell3s@squarespace.com,true,
138,Humbert,Dryden,hdryden3t@lycos.com,false,93.57.95.129
139,Theressa,Buzin,tbuzin3u@last.fm,false,211.54.224.18
140,Etty,Duck,educk3v@yandex.ru,true,
141,Ban,Hassen,bhassen3w@mozilla.com,false,122.144.129.75
142,Abrahan,Langmead,alangmead3x@squarespace.com,true,
143,Titos,Jobke,tjobke3y@marketwatch.com,false,218.243.231.120
144,Josie,Swainston,jswainston3z@twitpic.com,true,
145,Colly,Clipson,cclipson40@istockphoto.com,true,
146,Leigh,Maleby,lmaleby41@ameblo.jp,false,4.201.180.145
147,Georgianna,Gribbin,ggribbin42@last.fm,true,183.128.125.152
148,Avictor,Pizer,apizer43@sfgate.com,false,128.161.34.96
149,Karry,Frary,kfrary44@ifeng.com,true,32.92.124.62
150,Clari,Caulcott,ccaulcott45@amazon.co.jp,true,253.100.251.44
151,Adan,Becerro,abecerro46@people.com.cn,false,
152,Sophronia,Yele,syele47@hexun.com,true,162.153.95.59
153,Nefen,Stook,nstook48@columbia.edu,false,
154,Delcine,Hafford,dhafford49@360.cn,false,
155,Hyacinthie,Skirven,hskirven4a@webeden.co.uk,false,36.237.11.242
156,Del,,drannells4b@toplist.cz,false,
157,Chrissie,Korneichuk,ckorneichuk4c@jigsy.com,true,184.129.146.53
158,Martie,,mlicciardo4d@alibaba.com,true,
159,Maurene,,msextie4e@gmpg.org,true,137.61.54.183
160,Rivy,,rbatstone4f@businessinsider.com,false,
161,Hartley,Harbidge,hharbidge4g@buzzfeed.com,true,160.10.16.96
162,Marilee,Kalinovich,mkalinovich4h@webeden.co.uk,true,19.133.132.127
163,Layne,Freeland,lfreeland4i@baidu.com,true,
164,Gene,Bown,gbown4j@feedburner.com,true,117.64.131.66
165,Silvain,Pasque,spasque4k@columbia.edu,false,125.150.197.156
166,Eartha,Trevallion,etrevallion4l@msu.edu,true,242.66.144.225
167,Guilbert,Larvin,glarvin4m@about.me,false,116.35.143.83
168,Elnar,Mitchell,emitchell4n@sbwire.com,true,
169,Rod,Leathart,rleathart4o@51.la,true,
170,Godfry,,gbolderoe4p@bravesites.com,true,115.62.241.202
171,Rosaleen,Whatling,rwhatling4q@dailymotion.com,true,
172,Clarine,,cpash4r@meetup.com,false,58.91.106.222
173,Roslyn,Jennison,rjennison4s@furl.net,false,123.154.207.239
174,Rebe,Shale,rshale4t@washingtonpost.com,true,
175,Horten,Kitchinghan,hkitchinghan4u@hp.com,true,
176,Godfry,Offa,goffa4v@psu.edu,false,33.48.147.150
177,Gerard,Carous,gcarous4w@cpanel.net,false,122.200.17.70
178,Pepe,Pritchitt,ppritchitt4x@bbb.org,false,222.232.157.108
179,Hermann,McGrae,hmcgrae4y@cpanel.net,true,
180,Chrysler,,cboshier4z@pbs.org,true,239.38.19.86
181,Simone,Tilio,stilio50@51.la,true,217.189.199.178
182,Gabbie,Tace,gtace51@mac.com,false,96.123.59.233
183,Rick,Salvage,rsalvage52@oakley.com,true,107.18.236.33
184,Britta,Potticary,bpotticary53@geocities.com,true,182.105.208.140
185,Regen,Lemasney,rlemasney54@exblog.jp,true,58.170.34.166
186,Hewie,Cleall,hcleall55@ed.gov,false,172.0.152.163
187,Casper,Lanchester,clanchester56@youku.com,false,
188,Lyn,Delahunt,ldelahunt57@goodreads.com,false,195.123.206.204
189,Tildi,Boole,tboole58@exblog.jp,true,154.191.5.149
190,Malorie,Swancott,mswancott59@shareasale.com,false,
191,Israel,Hammand,ihammand5a@t-online.de,true,
192,Verene,Bridle,vbridle5b@nbcnews.com,false,
193,Todd,,tstoffels5c@harvard.edu,false,105.255.135.166
194,Deeann,Woodnutt,dwoodnutt5d@ameblo.jp,true,235.134.107.161
195,Leena,,lrunnett5e@jalbum.net,false,
196,Esmeralda,,emcnish5f@mysql.com,false,
197,Lila,Kosel,lkosel5g@theguardian.com,false,238.46.154.43
198,Bondy,Behr,bbehr5h@wired.com,true,
199,Bay,Beckensall,bbeckensall5i@mac.com,false,
200,Pru,Bottby,pbottby5j@irs.gov,true,224.29.25.111
201,Jyoti,Billiard,jbilliard5k@timesonline.co.uk,true,4.204.116.4
202,Hadleigh,Ord,hord5l@ca.gov,false,
203,Isador,Howle,ihowle5m@ebay.com,true,95.220.108.158
204,Huntlee,Durrance,hdurrance5n@japanpost.jp,false,101.22.31.156
205,Benedetto,Heitz,bheitz5o@squarespace.com,true,195.197.53.150
206,Marvin,Elsop,melsop5p@washington.edu,false,
207,Kippy,Demelt,kdemelt5q@hugedomains.com,false,119.48.210.46
208,Emalee,Compton,ecompton5r@ehow.com,true,
209,Reagan,Clulee,rclulee5s@unblog.fr,true,
210,Abigail,,adewitt5t@cbc.ca,false,188.206.217.211
211,Hanson,Alcorn,halcorn5u@storify.com,false,
212,Leia,Cattanach,lcattanach5v@twitter.com,true,
213,Kaitlynn,Jeaneau,kjeaneau5w@hhs.gov,false,142.136.0.213
214,Ara,Leech,aleech5x@salon.com,true,132.203.182.206
215,Minerva,Bass,mbass5y@google.co.uk,true,8.248.18.69
216,Wynn,Achromov,wachromov5z@nhs.uk,false,
217,Flossi,Mahody,fmahody60@bloglines.com,true,83.122.37.84
218,Shane,Gairdner,sgairdner61@trellian.com,false,181.150.151.0
219,Jeannine,Dodson,jdodson62@wp.com,true,
220,Merrile,Danis,mdanis63@jigsy.com,true,6.251.48.255
221,Nixie,,nollis64@163.com,true,
222,Amii,Harragin,aharragin65@tinypic.com,true,
223,Roseanna,Touson,rtouson66@marketwatch.com,false,
224,Manuel,de Villier,mdevillier67@scribd.com,true,251.228.220.179
225,Lorianne,Taile,ltaile68@answers.com,false,
226,Bertha,Mawford,bmawford69@ehow.com,true,56.169.142.74
227,Norry,Kaley,nkaley6a@vinaora.com,true,73.198.209.188
228,Nicki,Vooght,nvooght6b@patch.com,false,
229,Krysta,Nickless,knickless6c@who.int,true,87.45.169.57
230,Ewell,Ellerton,eellerton6d@trellian.com,true,
231,Zorina,Carik,zcarik6e@lulu.com,false,0.154.165.82
232,Karel,Tutin,ktutin6f@scribd.com,true,
233,Wynne,Tidcomb,wtidcomb6g@dailymail.co.uk,false,
234,Patrizio,Raynor,praynor6h@biblegateway.com,true,217.25.188.108
235,Cass,Dykins,cdykins6i@jimdo.com,true,57.54.64.123
236,Cindie,Jojic,cjojic6j@friendfeed.com,true,
237,Markus,,mblackbourn6k@howstuffworks.com,true,110.55.63.107
238,Delphine,Willshear,dwillshear6l@netscape.com,false,
239,Cary,Fawdry,cfawdry6m@wix.com,false,
240,Lazaro,Doodney,ldoodney6n@imdb.com,true,91.180.231.181
241,Valentino,,vkillick6o@elegantthemes.com,true,165.160.241.5
242,Lanna,Ionesco,lionesco6p@wsj.com,true,243.127.36.131
243,Sheena,Liddiatt,sliddiatt6q@thetimes.co.uk,true,
244,Myrta,Corss,mcorss6r@blogspot.com,true,
245,Roby,Moss,rmoss6s@eepurl.com,false,75.141.140.17
246,Rooney,Goodswen,rgoodswen6t@engadget.com,true,
247,Eddy,Huster,ehuster6u@irs.gov,true,
248,Kevan,Blindt,kblindt6v@un.org,false,
249,Pierrette,Wooffitt,pwooffitt6w@tamu.edu,false,211.203.157.196
250,Gael,Outright,goutright6x@delicious.com,true,
251,Giacobo,Cluer,gcluer6y@godaddy.com,false,238.14.80.16
252,Manolo,Jonson,mjonson6z@cafepress.com,false,87.173.137.209
253,Nickolaus,Boyd,nboyd70@canalblog.com,false,
254,Dunc,,dchaman71@yolasite.com,false,5.240.4.147
255,Bank,Prinnett,bprinnett72@berkeley.edu,false,69.103.71.169
256,Duke,Lintall,dlintall73@mapy.cz,true,
257,Antons,Evemy,aevemy74@photobucket.com,false,
258,Cullie,Pascho,cpascho75@edublogs.org,false,
259,Phelia,,pmatuszyk76@globo.com,true,219.82.4.57
260,Vittorio,Orwin,vorwin77@fda.gov,false,
261,Annelise,Larmet,alarmet78@rambler.ru,true,229.218.76.239
262,Sidnee,,sbunker79@jigsy.com,false,155.186.59.8
263,Alfons,Mathan,amathan7a@geocities.com,true,51.54.242.238
264,Bess,,bkmieciak7b@desdev.cn,true,215.165.127.193
265,Lanny,Darter,ldarter7c@imdb.com,true,
266,Gualterio,McNirlin,gmcnirlin7d@ezinearticles.com,false,
267,Avrom,Churm,achurm7e@google.com.br,false,62.234.138.145
268,Gabi,MacKimmie,gmackimmie7f@google.co.uk,true,
269,Grazia,Ebunoluwa,gebunoluwa7g@geocities.jp,true,
270,Devina,Mikalski,dmikalski7h@chron.com,false,
271,Sutton,Goodswen,sgoodswen7i@dropbox.com,false,125.49.53.60
272,Maurizio,Flye,mflye7j@e-recht24.de,false,
273,Ingemar,Grissett,igrissett7k@prnewswire.com,false,
274,Jecho,Smylie,jsmylie7l@microsoft.com,false,104.162.183.7
275,Thorny,Hainey,thainey7m@google.cn,true,
276,Jephthah,Magner,jmagner7n@reuters.com,true,59.51.162.9
277,Eugenia,Buesnel,ebuesnel7o@skyrock.com,true,11.18.112.23
278,Mattie,Braga,mbraga7p@goo.gl,true,248.230.196.147
279,Isabeau,Pistol,ipistol7q@delicious.com,false,
280,Amaleta,,akinnach7r@admin.ch,true,63.108.24.229
281,Lucie,Lightman,llightman7s@gnu.org,true,
282,Hubie,Folkerd,hfolkerd7t@vkontakte.ru,false,
283,Cristina,Dalzell,cdalzell7u@google.de,true,173.224.52.196
284,Yovonnda,,yimpey7v@w3.org,false,54.254.121.222
285,Bastian,Tunn,btunn7w@smh.com.au,true,
286,Wiatt,Wibrew,wwibrew7x@hibu.com,false,
287,Bree,Djordjevic,bdjordjevic7y@is.gd,true,135.147.213.8
288,Saw,Vinall,svinall7z@blogspot.com,true,220.192.146.88
289,Standford,Shapera,sshapera80@ask.com,false,
290,Corrinne,Jacobowits,cjacobowits81@wikipedia.org,true,
291,Ebenezer,Chastey,echastey82@so-net.ne.jp,false,
292,Jeth,,jyuille83@example.com,true,222.227.216.192
293,Anallese,Henrie,ahenrie84@twitpic.com,true,55.61.64.214
294,Jodi,Attac,jattac85@naver.com,true,32.177.168.211
295,Karolina,Clineck,kclineck86@army.mil,true,
296,Madelina,Penniall,mpenniall87@disqus.com,true,
297,Koral,Frostdicke,kfrostdicke88@nymag.com,false,
298,Jonathan,Elster,jelster89@mozilla.com,true,70.34.187.67
299,Phylis,Todman,ptodman8a@timesonline.co.uk,false,127.0.229.161
300,Palmer,Allanby,pallanby8b@earthlink.net,true,14.250.48.142
301,Ailis,Kydd,akydd8c@bing.com,true,
302,Edmund,Rangall,erangall8d@google.nl,true,
303,Lorianne,Millership,lmillership8e@bizjournals.com,false,
304,Onida,Grigg,ogrigg8f@pcworld.com,false,
305,Latia,Verey,lverey8g@oakley.com,true,48.210.156.30
306,Clio,Poskitt,cposkitt8h@edublogs.org,false,109.4.241.0
307,Husain,Smallcomb,hsmallcomb8i@is.gd,true,
308,Brigit,Easbie,beasbie8j@nih.gov,true,
309,Shena,,skeays8k@gmpg.org,true,
310,Jeff,Reyne,jreyne8l@stumbleupon.com,true,
311,Sammy,Carme,scarme8m@wisc.edu,false,95.160.3.166
312,Phip,Ducker,pducker8n@chicagotribune.com,true,28.111.204.108
313,Udell,Blackall,ublackall8o@blog.com,true,27.190.172.208
314,Emmott,O'Hear,eohear8p@webmd.com,false,119.218.42.33
315,Dolli,Shorten,dshorten8q@google.ru,false,202.208.135.141
316,Talbert,Toulson,ttoulson8r@google.it,false,61.88.213.146
317,Willie,Mahomet,wmahomet8s@dagondesign.com,false,227.225.197.2
318,Lusa,Rheubottom,lrheubottom8t@blogtalkradio.com,true,108.235.82.70
319,Redd,Ashbridge,rashbridge8u@hatena.ne.jp,false,69.141.252.192
320,Pauletta,Suddick,psuddick8v@shinystat.com,true,211.108.236.42
321,Fredra,Guttridge,fguttridge8w@arizona.edu,true,42.254.98.144
322,Annice,,ajedrzejczyk8x@engadget.com,true,253.26.58.220
323,Star,Gaspard,sgaspard8y@surveymonkey.com,true,
324,Coralie,Idney,cidney8z@nyu.edu,false,
325,Bevon,Chamberlayne,bchamberlayne90@prnewswire.com,true,
326,Winfred,MacCaig,wmaccaig91@china.com.cn,true,62.182.67.94
327,Wendy,Peyzer,wpeyzer92@sitemeter.com,false,97.141.84.204
328,Dianna,Tukely,dtukely93@wp.com,true,44.197.104.67
329,Marigold,,mexon94@buzzfeed.com,false,110.31.241.0
330,Heidie,Pach,hpach95@ow.ly,true,
331,Keelia,Pillifant,kpillifant96@aboutads.info,true,111.215.139.6
332,Maximilian,Eilers,meilers97@blogger.com,true,
333,Antone,Ferrino,aferrino98@bloglines.com,false,16.2.112.78
334,Gayleen,Grishin,ggrishin99@deviantart.com,true,
335,Jean,Schollar,jschollar9a@google.nl,false,65.67.169.26
336,Taffy,Giriardelli,tgiriardelli9b@biglobe.ne.jp,true,
337,Aurlie,Gregorin,agregorin9c@1688.com,true,208.172.37.88
338,Stanley,Bownas,sbownas9d@google.co.uk,false,
339,Archie,Kasbye,akasbye9e@sina.com.cn,false,47.189.27.101
340,Rogerio,Pinn,rpinn9f@friendfeed.com,true,
341,Gabriela,MacGee,gmacgee9g@sakura.ne.jp,false,
342,Jobey,Hooke,jhooke9h@dmoz.org,true,161.111.81.222
343,Taite,Rouch,trouch9i@bing.com,true,
344,Kerry,,kmoring9j@loc.gov,true,236.181.42.66
345,Felice,Pedro,fpedro9k@yelp.com,true,
346,Bryant,Guerri,bguerri9l@artisteer.com,true,
347,Dolley,O'Regan,doregan9m@moonfruit.com,false,233.122.72.122
348,Morgana,Vashchenko,mvashchenko9n@livejournal.com,false,233.16.4.107
349,Grethel,Tocque,gtocque9o@vk.com,true,120.212.171.253
350,Eleanore,,ebrute9p@techcrunch.com,true,79.115.226.163
351,Vance,Middlemist,vmiddlemist9q@woothemes.com,true,
352,Lulu,McLukie,lmclukie9r@dion.ne.jp,false,
353,Currey,,csutcliff9s@nsw.gov.au,false,114.83.35.4
354,Charlie,McGinney,cmcginney9t@wunderground.com,false,173.9.233.151
355,Stefano,,smaylor9u@desdev.cn,true,40.95.231.157
356,Conrad,Gloster,cgloster9v@naver.com,false,
357,Inesita,Wollers,iwollers9w@over-blog.com,false,179.167.238.99
358,Merrilee,Chadbourne,mchadbourne9x@jimdo.com,false,106.48.105.142
359,Hadrian,Vallentin,hvallentin9y@biblegateway.com,true,110.239.92.237
360,Arda,McAllister,amcallister9z@tripadvisor.com,false,10.198.198.112
361,Lolly,Hubeaux,lhubeauxa0@1und1.de,true,
362,Ronnie,Ottiwill,rottiwilla1@mtv.com,true,
363,Dorian,Cotty,dcottya2@artisteer.com,false,123.194.152.245
364,Krista,Schreurs,kschreursa3@cocolog-nifty.com,true,30.135.154.150
365,Elfie,Gilmore,egilmorea4@ucla.edu,false,182.9.87.217
366,Wilfred,Gilbert,wgilberta5@imgur.com,true,57.146.192.18
367,Junia,Hagyard,jhagyarda6@mlb.com,false,199.159.30.86
368,Kerrill,Staff,kstaffa7@booking.com,false,151.4.68.16
369,Christian,Everington,ceveringtona8@guardian.co.uk,false,222.237.36.8
370,Fidela,Whatmough,fwhatmougha9@phoca.cz,false,188.1.97.164
371,Astra,Timny,atimnyaa@typepad.com,true,215.48.183.246
372,Dede,Greetham,dgreethamab@nyu.edu,false,162.65.39.100
373,Lizzy,McRannell,lmcrannellac@npr.org,true,61.60.66.226
374,Shaw,Weafer,sweaferad@google.ca,false,
375,Brunhilda,Lillow,blillowae@aboutads.info,true,
376,Perice,Fairbourne,pfairbourneaf@mlb.com,false,
377,Marion,Radnage,mradnageag@printfriendly.com,true,87.16.17.32
378,Edithe,Trevino,etrevinoah@xrea.com,false,239.22.17.247
379,Fair,Hawkshaw,fhawkshawai@statcounter.com,true,244.53.242.220
380,Hugo,,hdefrainaj@tuttocitta.it,false,131.157.245.255
381,Leah,McAuliffe,lmcauliffeak@who.int,true,116.55.15.90
382,Connie,Tomasz,ctomaszal@stanford.edu,false,
383,Stormy,Heyworth,sheywortham@mail.ru,false,21.186.68.254
384,Birk,Esplin,besplinan@epa.gov,true,195.174.134.192
385,Shana,Scoyles,sscoylesao@blog.com,true,211.190.181.236
386,Dwight,Peppard,dpeppardap@typepad.com,true,78.136.225.210
387,Marsha,Spurdon,mspurdonaq@pbs.org,true,
388,Renado,MacHoste,rmachostear@ycombinator.com,false,
389,Orton,Parris,oparrisas@mashable.com,true,239.245.212.206
390,Jerry,Grumbridge,jgrumbridgeat@youku.com,false,84.20.149.152
391,Aubree,Kiddy,akiddyau@dion.ne.jp,false,
392,Dore,MacQueen,dmacqueenav@gizmodo.com,true,
393,Sigismondo,Mound,smoundaw@dagondesign.com,true,160.92.152.79
394,Daryle,O'Doohaine,dodoohaineax@free.fr,true,
395,Suzanna,Sparsholt,ssparsholtay@friendfeed.com,true,18.152.187.234
396,Somerset,Catchpole,scatchpoleaz@jugem.jp,true,198.10.8.182
397,Verne,Parchment,vparchmentb0@technorati.com,false,
398,Hazlett,Klaes,hklaesb1@aol.com,true,204.100.235.133
399,Ermengarde,Orehead,eoreheadb2@fc2.com,false,58.54.93.34
400,Penny,Josupeit,pjosupeitb3@umn.edu,true,
401,Moreen,Talman,mtalmanb4@bing.com,true,
402,Simmonds,O' Dooley,sodooleyb5@newyorker.com,true,251.32.163.239
403,Barnebas,Calder,bcalderb6@vinaora.com,true,
404,Rica,Attle,rattleb7@zimbio.com,false,195.143.218.99
405,Marcella,Kulvear,mkulvearb8@sciencedaily.com,false,94.38.76.98
406,Otto,Lilburne,olilburneb9@yolasite.com,true,151.233.66.219
407,Michal,Entwhistle,mentwhistleba@jiathis.com,true,106.247.155.27
408,Travis,,tmoxombb@springer.com,false,
409,Reider,Foystone,rfoystonebc@hud.gov,true,
410,Mira,Demelt,mdemeltbd@topsy.com,true,37.76.161.235
411,Demetra,,dcanepebe@biblegateway.com,false,183.142.182.46
412,Hugo,Moodycliffe,hmoodycliffebf@princeton.edu,false,
413,Mandie,Labram,mlabrambg@economist.com,false,
414,Kelsi,O'Malley,komalleybh@spotify.com,false,71.1.79.12
415,Duffie,Haycroft,dhaycroftbi@hostgator.com,true,26.198.224.190
416,Klemens,,klandellbj@ehow.com,true,205.168.241.189
417,Carly,,cbondarbk@java.com,false,117.67.80.182
418,Ernesta,Menghi,emenghibl@sbwire.com,false,103.84.26.210
419,Chrissie,Boyse,cboysebm@sohu.com,true,
420,Konrad,Attersoll,kattersollbn@google.ca,true,162.220.71.255
421,Abbe,Staynes,astaynesbo@boston.com,true,81.160.169.141
422,Ricky,,rballintynebp@google.it,true,97.22.20.241
423,Roma,Bullent,rbullentbq@yellowbook.com,true,
424,Ezekiel,Schwaiger,eschwaigerbr@hatena.ne.jp,true,78.251.179.235
425,Liane,,lnorsworthybs@jimdo.com,false,105.234.176.90
426,Sterne,Tuxsell,stuxsellbt@meetup.com,false,19.136.99.109
427,Francesca,Scone,fsconebu@mapquest.com,true,21.88.50.129
428,Hanson,Beall,hbeallbv@latimes.com,true,38.40.94.39
429,Rosie,Wheelwright,rwheelwrightbw@nbcnews.com,false,
430,Ashien,Romaine,aromainebx@printfriendly.com,false,222.116.189.131
431,Janeen,Baradel,jbaradelby@tripadvisor.com,false,
432,Dov,MacKintosh,dmackintoshbz@aol.com,true,53.123.57.148
433,Delly,Brunicke,dbrunickec0@livejournal.com,false,
434,Dyane,Crookes,dcrookesc1@shop-pro.jp,true,242.24.79.191
435,Alicia,Dupoy,adupoyc2@artisteer.com,true,104.119.113.190
436,Moss,Peggram,mpeggramc3@wix.com,true,6.132.101.166
437,Mabelle,Langlois,mlangloisc4@oakley.com,true,
438,Claiborne,De L'Isle,cdelislec5@themeforest.net,true,132.170.182.25
439,Fletcher,Lumley,flumleyc6@photobucket.com,true,
440,Arman,Seakings,aseakingsc7@wordpress.com,false,198.75.110.220
441,Karolina,Prate,kpratec8@xinhuanet.com,false,176.57.227.253
442,Ralph,Akhurst,rakhurstc9@technorati.com,false,181.9.119.112
443,Merilyn,Hows,mhowsca@yahoo.co.jp,true,1.164.230.173
444,Cullan,Mullins,cmullinscb@tinypic.com,true,156.167.214.194
445,Kamillah,Odegaard,kodegaardcc@issuu.com,true,
446,Tamqrah,Sewall,tsewallcd@pagesperso-orange.fr,true,150.102.34.252
447,Deva,Dicte,ddictece@qq.com,true,167.247.169.248
448,Kit,Cossor,kcossorcf@seattletimes.com,false,
449,Derick,Scullin,dscullincg@craigslist.org,false,228.126.16.138
450,Currie,Okey,cokeych@sohu.com,true,94.74.253.101
451,Elysee,Burtonwood,eburtonwoodci@xinhuanet.com,false,153.120.143.249
452,Barr,Bartlomiej,bbartlomiejcj@bbc.co.uk,true,
453,Elliott,Mumby,emumbyck@goodreads.com,false,
454,Alexandrina,Tredgold,atredgoldcl@netvibes.com,true,205.45.160.205
455,Ignacio,Willcott,iwillcottcm@wordpress.com,false,
456,Morty,Grabban,mgrabbancn@narod.ru,false,103.49.44.199
457,Latia,Misselbrook,lmisselbrookco@elegantthemes.com,false,
458,Brenden,Bielefeld,bbielefeldcp@nifty.com,true,
459,Dallis,Ziemen,dziemencq@desdev.cn,false,129.122.186.24
460,Frayda,Stairs,fstairscr@yellowpages.com,true,2.151.121.30
461,Curcio,Pople,cpoplecs@squidoo.com,true,110.204.219.171
462,Hedvige,Gittus,hgittusct@e-recht24.de,true,
463,Seka,Pavia,spaviacu@reddit.com,false,
464,Lauren,Burgott,lburgottcv@github.com,false,98.249.100.205
465,Ermentrude,Bewshaw,ebewshawcw@parallels.com,false,224.13.64.193
466,Hoebart,Adiscot,hadiscotcx@macromedia.com,true,
467,Olav,Rochelle,orochellecy@xrea.com,false,15.118.243.47
468,Amelina,,amcwhirtercz@hatena.ne.jp,true,
469,Stormie,Costy,scostyd0@dedecms.com,false,249.145.175.183
470,Carolann,Tomet,ctometd1@pbs.org,true,126.53.4.152
471,Caye,Daybell,cdaybelld2@admin.ch,false,5.193.66.24
472,Ronda,Berling,rberlingd3@webmd.com,false,
473,Daveta,Trass,dtrassd4@mashable.com,true,72.226.5.64
474,Percival,Janacek,pjanacekd5@blogger.com,false,161.157.115.136
475,Morgana,Sweeny,msweenyd6@qq.com,false,22.139.150.189
476,Ase,Postle,apostled7@youtube.com,true,229.237.171.21
477,Riannon,Vacher,rvacherd8@so-net.ne.jp,false,
478,Gerek,de Broke,gdebroked9@stanford.edu,true,
479,Leoline,,lmcgillreichda@bloomberg.com,true,160.24.84.255
480,Ian,Pedrielli,ipedriellidb@squarespace.com,true,215.181.107.232
481,Yancy,Lennox,ylennoxdc@hatena.ne.jp,false,
482,Nestor,Kryska,nkryskadd@photobucket.com,false,32.73.40.116
483,Trip,Dinis,tdinisde@smugmug.com,false,
484,Betty,Capeloff,bcapeloffdf@plala.or.jp,false,246.25.230.84
485,Maighdiln,Hamson,mhamsondg@geocities.jp,true,
486,Mack,Audiss,maudissdh@squidoo.com,false,48.183.106.32
487,Amaleta,Drinkhall,adrinkhalldi@yellowpages.com,false,
488,Connie,Featonby,cfeatonbydj@cdc.gov,false,
489,Helene,,hgramerdk@deviantart.com,false,
490,Sharron,Scoates,sscoatesdl@rambler.ru,false,201.161.200.114
491,Sandor,Rudsdell,srudsdelldm@nationalgeographic.com,false,129.172.229.90
492,Zorana,Cantos,zcantosdn@tripod.com,true,19.211.190.200
493,Lynde,Doumenc,ldoumencdo@amazonaws.com,false,230.219.244.113
494,Reilly,Skates,rskatesdp@acquirethisname.com,true,11.198.60.159
495,Matelda,Roakes,mroakesdq@umn.edu,false,
496,Johnathon,Cushelly,jcushellydr@usda.gov,true,111.154.187.53
497,Torrence,Valiant,tvaliantds@engadget.com,true,144.23.34.205
498,Maia,Mannering,mmanneringdt@tripadvisor.com,true,25.79.237.8
499,Cornall,Taunton.,ctauntondu@constantcontact.com,false,
500,Hilly,Brissard,hbrissarddv@oaic.gov.au,false,
501,Sammy,Dislee,sdisleedw@arizona.edu,true,13.58.2.178
502,Ardella,Pavolillo,apavolillodx@psu.edu,false,76.102.199.178
503,Lothario,Waddam,lwaddamdy@eventbrite.com,true,
504,Rania,Gatheridge,rgatheridgedz@nih.gov,false,6.137.140.129
505,Bidget,Larkkem,blarkkeme0@cnn.com,false,203.123.56.207
506,Tait,Appleyard,tappleyarde1@nbcnews.com,true,116.99.156.252
507,Edan,Bryce,ebrycee2@arizona.edu,false,55.231.183.189
508,Jan,Connechie,jconnechiee3@netlog.com,false,115.158.224.163
509,Claudine,Verma,cvermae4@fema.gov,true,37.133.27.164
510,Guenevere,Hedley,ghedleye5@flavors.me,true,
511,Sonnnie,Varren,svarrene6@multiply.com,true,92.6.143.130
512,Nicolle,Goulborn,ngoulborne7@nbcnews.com,true,107.77.28.127
513,Vyky,Hardson,vhardsone8@wordpress.org,false,226.178.188.85
514,Dulcia,Mayne,dmaynee9@hp.com,false,101.240.64.146
515,Grove,Dicken,gdickenea@cbsnews.com,false,144.199.213.233
516,Miguelita,Ewins,mewinseb@ifeng.com,false,157.74.4.27
517,Anjela,Rosenvasser,arosenvasserec@msu.edu,false,145.70.131.104
518,Vin,Bousquet,vbousqueted@last.fm,true,23.7.55.81
519,Coleen,Astle,castleee@biblegateway.com,false,
520,Andreana,Carabet,acarabetef@bloomberg.com,true,
521,Donelle,Bimrose,dbimroseeg@miitbeian.gov.cn,true,214.143.169.156
522,Katerina,Snalham,ksnalhameh@microsoft.com,true,125.77.22.135
523,Berry,Hurdman,bhurdmanei@is.gd,true,178.212.149.204
524,Der,Simounet,dsimounetej@ed.gov,false,
525,Raynard,Brundell,rbrundellek@tiny.cc,false,161.165.234.87
526,Mureil,Minchinton,mminchintonel@photobucket.com,true,164.132.65.15
527,Harmonia,,hgallihaulkem@fda.gov,true,175.240.91.222
528,Peter,Leupoldt,pleupoldten@hexun.com,false,216.158.190.136
529,Giacomo,O'Heagertie,goheagertieeo@uiuc.edu,false,
530,Todd,Addekin,taddekinep@unblog.fr,false,5.182.95.152
531,Penni,Fonte,pfonteeq@a8.net,true,67.181.159.23
532,Elisabeth,Covotto,ecovottoer@dedecms.com,false,115.39.88.181
533,Avigdor,,aewenses@wunderground.com,true,
534,Alyssa,Greest,agreestet@samsung.com,false,72.55.218.218
535,Westley,Petschel,wpetscheleu@feedburner.com,false,
536,Ronny,Obert,robertev@omniture.com,true,249.121.163.101
537,Harriett,Stocky,hstockyew@lulu.com,false,
538,Jillayne,Havik,jhavikex@smugmug.com,false,
539,Jamie,Surgenor,jsurgenorey@ifeng.com,false,
540,Peadar,Brok,pbrokez@shinystat.com,true,
541,Pryce,Glowacz,pglowaczf0@nydailynews.com,true,
542,Torrin,Yitzhok,tyitzhokf1@ifeng.com,false,116.194.253.52
543,Preston,Howling,phowlingf2@webmd.com,false,241.87.122.30
544,Honey,Issatt,hissattf3@telegraph.co.uk,true,
545,Mignonne,Saunter,msaunterf4@ed.gov,true,
546,Urbano,Tiddeman,utiddemanf5@geocities.jp,false,
547,Mohandas,Ghidetti,mghidettif6@chronoengine.com,true,
548,Daphne,Lorraine,dlorrainef7@scientificamerican.com,false,161.81.0.145
549,Jean,Titmus,jtitmusf8@indiegogo.com,false,46.199.35.131
550,Rene,Rodolico,rrodolicof9@webmd.com,true,
551,Loni,Jaynes,ljaynesfa@netscape.com,false,245.250.32.51
552,Allx,O'Loughlin,aoloughlinfb@alexa.com,true,11.67.12.225
553,Sunny,Ovitz,sovitzfc@go.com,true,
554,Honor,,hbaumerfd@nih.gov,true,237.233.255.46
555,Kermit,Grierson,kgriersonfe@blogs.com,false,
556,Benedikt,Blinkhorn,bblinkhornff@bravesites.com,false,1.52.238.247
557,Wiley,Helstrom,whelstromfg@e-recht24.de,false,
558,Bette-ann,Dreossi,bdreossifh@theguardian.com,false,25.128.204.230
559,Lanny,Rediers,lrediersfi@independent.co.uk,true,
560,Diarmid,Antonik,dantonikfj@alexa.com,false,177.70.46.167
561,Sheri,Tack,stackfk@senate.gov,true,24.131.191.99
562,Guntar,Bater,gbaterfl@ucsd.edu,true,135.199.157.143
563,Kiley,Hukin,khukinfm@mashable.com,false,
564,Paulita,Macartney,pmacartneyfn@economist.com,true,
565,Jorie,Jarrold,jjarroldfo@salon.com,true,202.7.118.244
566,Florie,Puller,fpullerfp@nba.com,false,135.166.0.142
567,Bettye,Newcom,bnewcomfq@sakura.ne.jp,true,
568,Trisha,Gather,tgatherfr@comsenz.com,false,
569,Gertrud,Ortell,gortellfs@cpanel.net,false,
570,Westley,Satterfitt,wsatterfittft@soundcloud.com,false,103.198.223.218
571,Lela,Sneezum,lsneezumfu@drupal.org,false,73.221.215.183
572,Fay,Cush,fcushfv@unicef.org,true,
573,Carolan,,cgrigorescufw@mlb.com,true,157.79.228.112
574,Jessy,Dignon,jdignonfx@nhs.uk,true,34.30.69.108
575,Iosep,Canacott,icanacottfy@loc.gov,true,55.35.123.142
576,Constantin,Baugham,cbaughamfz@fema.gov,false,206.2.228.32
577,Christabella,Scawen,cscaweng0@paginegialle.it,false,
578,Camile,Thornebarrow,cthornebarrowg1@t.co,true,246.206.243.105
579,Rivkah,Kingdon,rkingdong2@cnn.com,false,118.254.218.180
580,Giustina,Mattisson,gmattissong3@diigo.com,true,
581,Daryle,,dplankg4@over-blog.com,false,
582,Prentice,Blees,pbleesg5@lulu.com,false,
583,Elbert,Soffe,esoffeg6@yellowpages.com,true,121.114.239.86
584,Oliver,Garn,ogarng7@foxnews.com,false,
585,Demetri,Oxterby,doxterbyg8@bluehost.com,false,163.57.88.239
586,Clarey,Kundt,ckundtg9@yahoo.co.jp,true,197.74.219.237
587,Bruis,Giraudat,bgiraudatga@gizmodo.com,false,
588,Basile,Fernandez,bfernandezgb@photobucket.com,false,184.255.47.128
589,Martita,Drillot,mdrillotgc@shop-pro.jp,true,
590,Averell,,amcphategd@nyu.edu,true,143.117.38.133
591,Celle,Wincer,cwincerge@wix.com,false,89.7.85.110
592,My,Lukins,mlukinsgf@istockphoto.com,true,227.198.80.255
593,Wesley,Gracewood,wgracewoodgg@cam.ac.uk,false,
594,Vicki,Hallows,vhallowsgh@wordpress.org,true,47.121.120.91
595,Elbertina,Bowdon,ebowdongi@google.com.hk,false,33.144.55.12
596,Kristo,Crosfield,kcrosfieldgj@wisc.edu,false,122.113.231.205
597,Cornela,Bainbrigge,cbainbriggegk@imageshack.us,true,240.217.100.18
598,Nils,Obington,nobingtongl@loc.gov,false,54.178.43.150
599,Judith,Kelston,jkelstongm@auda.org.au,true,61.172.156.122
600,Fran,Gunson,fgunsongn@istockphoto.com,true,151.217.189.14
601,Leora,Johann,ljohanngo@furl.net,true,138.224.37.132
602,Julieta,Warrick,jwarrickgp@reverbnation.com,true,
603,Celeste,Lumb,clumbgq@sfgate.com,false,
604,Jazmin,Grollmann,jgrollmanngr@dropbox.com,false,203.245.199.174
605,Conan,Howerd,chowerdgs@wisc.edu,false,
606,Josias,Corteney,jcorteneygt@cbsnews.com,true,
607,Jard,Banks,jbanksgu@seesaa.net,true,
608,Granger,Alkins,galkinsgv@pagesperso-orange.fr,true,38.86.148.176
609,Dorthy,Mesnard,dmesnardgw@archive.org,false,71.19.61.199
610,Ulric,Tallboy,utallboygx@hhs.gov,true,46.2.140.255
611,Randy,McGing,rmcginggy@samsung.com,false,199.54.75.118
612,Legra,Norval,lnorvalgz@tinypic.com,false,102.112.198.71
613,Haze,Thundercliffe,hthundercliffeh0@jalbum.net,false,
614,Clayton,Joiner,cjoinerh1@noaa.gov,true,
615,Bendix,Leipold,bleipoldh2@last.fm,true,
616,Wilfrid,Bonsall,wbonsallh3@wordpress.org,false,78.37.183.139
617,Obadias,Clayton,oclaytonh4@dailymotion.com,false,
618,Marcus,Rhubottom,mrhubottomh5@pbs.org,false,
619,Eugenio,Kneeland,ekneelandh6@nps.gov,true,
620,Euphemia,Hardwicke,ehardwickeh7@fc2.com,false,
621,Kesley,Dilkes,kdilkesh8@t-online.de,false,43.245.79.150
622,Mira,Polglase,mpolglaseh9@gizmodo.com,false,161.60.217.20
623,Roderic,Dance,rdanceha@wikia.com,true,
624,Roberta,Willock,rwillockhb@ihg.com,true,180.211.54.17
625,Elisa,Eymer,eeymerhc@amazon.co.uk,false,27.182.71.197
626,Nikki,Petcher,npetcherhd@examiner.com,false,90.205.206.242
627,Murvyn,,mdallicotthe@icio.us,false,212.54.149.55
628,Keith,Shimmin,kshimminhf@sfgate.com,true,221.220.169.234
629,Marie-ann,Kardos-Stowe,mkardosstowehg@xing.com,false,94.244.22.9
630,Janaya,Keely,jkeelyhh@google.co.uk,false,202.165.154.188
631,Pasquale,Cocke,pcockehi@google.fr,true,114.29.65.227
632,Fairfax,Dade,fdadehj@hostgator.com,false,53.198.18.93
633,Sheeree,Chelsom,schelsomhk@geocities.jp,true,172.69.84.216
634,Reese,,rshearhl@1und1.de,false,202.235.215.162
635,Eunice,Lyven,elyvenhm@dropbox.com,true,
636,Cullin,Duckett,cducketthn@g.co,true,
637,Andriette,,acuerdaleho@rediff.com,false,20.158.216.208
638,Joli,Dashkov,jdashkovhp@pcworld.com,true,195.217.193.62
639,Samaria,Delue,sdeluehq@4shared.com,true,56.212.102.217
640,Bria,Blinkhorn,bblinkhornhr@yandex.ru,true,
641,Gene,Miche,gmichehs@walmart.com,false,26.148.140.171
642,Edythe,Hails,ehailsht@blogs.com,false,72.22.237.224
643,Wit,Cowoppe,wcowoppehu@angelfire.com,true,3.68.158.192
644,Steffen,Amesbury,samesburyhv@tinypic.com,false,168.72.125.139
645,Pollyanna,Veitch,pveitchhw@ibm.com,true,
646,Kahaleel,Geerdts,kgeerdtshx@about.com,false,
647,Mohandis,Eisikowitch,meisikowitchhy@thetimes.co.uk,true,20.76.201.50
648,Erroll,Moscrop,emoscrophz@last.fm,true,12.81.246.204
649,Shirline,Pointin,spointini0@ed.gov,false,
650,Phelia,Hilldrup,philldrupi1@so-net.ne.jp,true,200.186.209.250
651,Berky,Errichi,berrichii2@eventbrite.com,true,
652,Terri,Bondley,tbondleyi3@hubpages.com,true,111.230.180.244
653,Chrissy,Wurz,cwurzi4@t-online.de,true,150.140.90.47
654,Frederik,Upwood,fupwoodi5@sbwire.com,false,152.130.116.93
655,Ammamaria,Mickleborough,amickleboroughi6@t-online.de,true,38.247.68.97
656,Nike,Gyppes,ngyppesi7@newyorker.com,true,
657,Bryn,Allix,ballixi8@goo.gl,true,103.115.185.174
658,Rodd,,rstrelitzi9@biglobe.ne.jp,false,
659,Hamish,,hcomettoiia@uiuc.edu,false,40.97.226.236
660,Rudie,Cressar,rcressarib@fema.gov,true,15.21.28.159
661,Camala,Rozet,crozetic@artisteer.com,false,
662,Farra,Stonman,fstonmanid@drupal.org,false,
663,Annabal,Gatherell,agatherellie@businessweek.com,false,
664,Cos,Hampshire,champshireif@ning.com,true,178.34.200.224
665,Adams,Anthoney,aanthoneyig@i2i.jp,false,163.132.185.148
666,Lew,Wheeler,lwheelerih@hhs.gov,false,101.125.180.31
667,Berne,Romaynes,bromaynesii@lycos.com,true,
668,Care,,cshoesmithij@amazonaws.com,false,58.170.39.17
669,Maxie,Dalglish,mdalglishik@craigslist.org,true,
670,Austina,Mirrlees,amirrleesil@icq.com,false,21.158.243.214
671,Monti,Partkya,mpartkyaim@archive.org,false,124.220.44.231
672,Spike,,svennin@wiley.com,true,4.79.173.176
673,Arda,Pope,apopeio@ameblo.jp,false,
674,Marlene,Mollindinia,mmollindiniaip@ustream.tv,true,104.24.204.202
675,Chic,Paramore,cparamoreiq@google.fr,false,86.153.32.251
676,Napoleon,Cappel,ncappelir@meetup.com,false,204.172.127.88
677,Merola,Sherlock,msherlockis@pinterest.com,false,125.60.244.67
678,Dorisa,Ungerecht,dungerechtit@geocities.com,false,140.195.71.149
679,Rochester,Eden,redeniu@macromedia.com,false,126.44.21.131
680,Bo,Cutford,bcutfordiv@lycos.com,false,224.10.180.30
681,Sibylle,,sovereliw@yolasite.com,true,
682,Pet,Duddin,pduddinix@archive.org,false,49.109.100.10
683,Elnar,,ecurringtoniy@clickbank.net,false,87.224.107.23
684,Fancie,Tomasino,ftomasinoiz@com.com,false,152.117.173.96
685,Lars,Linck,llinckj0@themeforest.net,true,150.13.245.49
686,Renado,Descroix,rdescroixj1@biglobe.ne.jp,true,13.28.86.11
687,Bobette,Francescotti,bfrancescottij2@jiathis.com,false,
688,Hunt,Dray,hdrayj3@wisc.edu,true,122.127.43.55
689,Mirella,Drewry,mdrewryj4@home.pl,false,
690,Alisa,Dahle,adahlej5@washington.edu,false,
691,Nollie,Winny,nwinnyj6@icio.us,false,107.65.167.188
692,Nappy,,nlewteyj7@discuz.net,false,202.116.176.87
693,Mollie,Walsh,mwalshj8@blogspot.com,true,250.89.141.118
694,Danica,Rawsen,drawsenj9@timesonline.co.uk,true,219.64.18.10
695,Leeland,Shurville,lshurvilleja@xing.com,true,
696,Arabele,,aplowsjb@e-recht24.de,false,
697,Flo,Streight,fstreightjc@google.com.au,true,51.190.93.119
698,Genvieve,Riche,grichejd@hc360.com,true,
699,Rik,,rpaulje@google.com,false,
700,Elinor,Niaves,eniavesjf@wikimedia.org,true,87.69.38.143
701,Heriberto,Rohlf,hrohlfjg@sohu.com,false,58.240.160.239
702,Beau,Bentham3,bbenthamjh@msu.edu,false,64.70.163.92
703,Allyn,Milward,amilwardji@irs.gov,true,251.245.83.8
704,Al,Mytton,amyttonjj@home.pl,false,
705,Russell,Largen,rlargenjk@census.gov,false,
706,Gaspar,Witter,gwitterjl@lulu.com,false,
707,Issy,Lepere,ileperejm@upenn.edu,false,
708,Nicole,Elston,nelstonjn@apache.org,true,
709,Bart,Grosvenor,bgrosvenorjo@csmonitor.com,true,169.134.35.213
710,Austin,Ellery,aelleryjp@europa.eu,false,82.155.148.20
711,Blaine,Scotti,bscottijq@rakuten.co.jp,false,108.43.18.241
712,Thibaud,Champ,tchampjr@comcast.net,false,5.39.168.98
713,Aldrich,Steggals,asteggalsjs@dot.gov,false,130.9.8.8
714,Bernardo,Stucke,bstuckejt@miibeian.gov.cn,false,75.51.18.198
715,Granville,Gatsby,ggatsbyju@tmall.com,false,
716,Marlena,,msturgejv@etsy.com,true,
717,Christi,Addinall,caddinalljw@nasa.gov,true,
718,Heriberto,,hinnsjx@xing.com,false,42.13.193.113
719,King,Darlow,kdarlowjy@walmart.com,false,209.150.231.174
720,Antoinette,Annwyl,aannwyljz@mit.edu,false,
721,Adolphe,Gerlts,agerltsk0@ask.com,true,156.206.54.171
722,Hayden,Leve,hlevek1@1688.com,false,
723,Kenna,Vakhrushin,kvakhrushink2@google.es,true,
724,Byron,,bspavonk3@hexun.com,true,91.239.212.163
725,Eda,Lawleff,elawleffk4@cnn.com,true,86.184.114.40
726,Janene,Strongitharm,jstrongitharmk5@csmonitor.com,true,
727,Hilario,MacGillreich,hmacgillreichk6@cbslocal.com,false,
728,Colman,Lanbertoni,clanbertonik7@cnet.com,true,51.219.7.183
729,Dwayne,Pridmore,dpridmorek8@europa.eu,true,
730,Antonia,Broadbent,abroadbentk9@globo.com,true,250.85.213.8
731,Elli,Perfitt,eperfittka@t-online.de,false,217.3.188.79
732,Katlin,Dyzart,kdyzartkb@chronoengine.com,false,
733,Willetta,Lawfull,wlawfullkc@opensource.org,true,101.29.30.42
734,Ignace,Roscamp,iroscampkd@seattletimes.com,true,
735,Fanechka,Trevna,ftrevnake@seesaa.net,true,65.94.172.211
736,Rozalin,Lutzmann,rlutzmannkf@rediff.com,true,
737,Marianne,Cadwallader,mcadwalladerkg@amazon.de,false,237.212.45.246
738,Joye,Ferrettino,jferrettinokh@bigcartel.com,true,223.71.237.56
739,Kaitlynn,Curror,kcurrorki@netvibes.com,false,3.105.130.59
740,Jamison,Latimer,jlatimerkj@slate.com,true,214.15.125.240
741,Ransell,Dunston,rdunstonkk@npr.org,true,143.213.178.104
742,Kristoffer,Baldetti,kbaldettikl@cnbc.com,false,211.30.190.78
743,Tamra,Hagyard,thagyardkm@chicagotribune.com,false,
744,Westbrooke,Carlisi,wcarlisikn@naver.com,true,233.125.61.248
745,Grady,Landrick,glandrickko@trellian.com,true,224.254.229.137
746,Berri,Mitham,bmithamkp@wikia.com,false,
747,Avrom,Balbeck,abalbeckkq@discuz.net,false,255.190.230.138
748,Miguela,Mortell,mmortellkr@over-blog.com,false,221.170.194.226
749,Elenore,Deboick,edeboickks@wisc.edu,true,
750,Marcellina,McAteer,mmcateerkt@google.cn,true,
751,Giorgia,Bignold,gbignoldku@eventbrite.com,true,
752,Maggi,,mtailbykv@issuu.com,false,176.216.222.129
753,Reinhold,Zanassi,rzanassikw@usatoday.com,true,
754,Joe,McAulay,jmcaulaykx@indiegogo.com,false,
755,Kathi,Deakins,kdeakinsky@ebay.co.uk,false,214.123.9.99
756,Giovanni,Severn,gsevernkz@alexa.com,true,141.4.17.11
757,Tabbatha,Czyz,tczyzl0@soup.io,true,
758,Frans,Paffot,fpaffotl1@jimdo.com,true,
759,Petronia,Mughal,pmughall2@hostgator.com,true,65.147.162.138
760,Zebadiah,Ounsworth,zounsworthl3@nationalgeographic.com,true,48.117.222.102
761,Harvey,Missenden,hmissendenl4@fastcompany.com,false,44.76.253.139
762,Inger,Blatcher,iblatcherl5@mlb.com,true,13.3.203.97
763,Bron,Androli,bandrolil6@tripadvisor.com,false,
764,Barn,Giddings,bgiddingsl7@icq.com,false,21.8.38.136
765,Algernon,Larkkem,alarkkeml8@nsw.gov.au,true,124.16.141.101
766,Ozzy,Waind,owaindl9@about.me,false,
767,Ewen,Whodcoat,ewhodcoatla@dot.gov,true,
768,Kirstyn,Craighill,kcraighilllb@guardian.co.uk,true,160.221.197.5
769,Oralee,Searl,osearllc@wufoo.com,false,221.101.131.138
770,Harriott,Gehricke,hgehrickeld@twitpic.com,true,62.15.152.121
771,Cobb,Innerstone,cinnerstonele@histats.com,true,173.64.85.230
772,See,,spandeylf@squarespace.com,true,
773,Ruthie,Colbertson,rcolbertsonlg@shop-pro.jp,true,25.194.21.49
774,Benny,Barmadier,bbarmadierlh@bing.com,false,245.187.73.124
775,Katheryn,Kinchley,kkinchleyli@adobe.com,false,252.101.30.237
776,Darby,,dspringettlj@free.fr,false,
777,Webb,Fant,wfantlk@altervista.org,false,254.162.6.207
778,Trefor,McNeilly,tmcneillyll@fastcompany.com,true,112.195.151.253
779,Ilysa,Kellick,ikellicklm@ihg.com,true,
780,Romain,Torregiani,rtorregianiln@gnu.org,false,
781,Gratiana,Knewstubb,gknewstubblo@deviantart.com,true,202.230.146.76
782,Torrence,Gatrill,tgatrilllp@a8.net,false,
783,Salomo,Deesly,sdeeslylq@sitemeter.com,false,172.220.160.29
784,Arlette,Thirkettle,athirkettlelr@globo.com,false,
785,Remington,Ysson,ryssonls@nih.gov,true,229.88.41.50
786,Pepi,Billingham,pbillinghamlt@ocn.ne.jp,false,
787,Todd,Lusgdin,tlusgdinlu@netlog.com,false,34.174.254.17
788,Marten,Thaxter,mthaxterlv@imgur.com,false,84.27.177.215
789,Giusto,Carren,gcarrenlw@springer.com,true,
790,Charley,Macey,cmaceylx@unesco.org,true,227.162.104.183
791,Grace,Mayow,gmayowly@is.gd,false,197.141.192.223
792,Jocko,Ducket,jducketlz@uiuc.edu,true,
793,Minor,Paoloni,mpaolonim0@barnesandnoble.com,false,54.124.70.113
794,Reiko,Lyddiatt,rlyddiattm1@yandex.ru,true,120.88.31.56
795,Esme,Tattersall,etattersallm2@typepad.com,false,235.68.40.49
796,Fey,Mounter,fmounterm3@reverbnation.com,false,
797,Nickolas,Baudassi,nbaudassim4@dagondesign.com,false,
798,Chadd,Vossgen,cvossgenm5@sciencedaily.com,false,
799,Shirline,McNiff,smcniffm6@vimeo.com,false,239.117.248.84
800,Mathian,Firpo,mfirpom7@meetup.com,true,126.162.107.231
801,Tonia,Ipsly,tipslym8@google.co.uk,false,146.191.84.137
802,Dwight,Tramel,dtramelm9@gmpg.org,false,
803,Iormina,Croker,icrokerma@umn.edu,false,23.93.14.173
804,Ramona,Augie,raugiemb@toplist.cz,false,5.82.14.146
805,Bria,Dorie,bdoriemc@hubpages.com,true,64.19.241.74
806,Alfie,Spellar,aspellarmd@vkontakte.ru,false,110.233.215.235
807,Shayna,Splevins,ssplevinsme@tripadvisor.com,false,65.3.190.74
808,Kimberley,Lindborg,klindborgmf@bbc.co.uk,false,35.5.71.118
809,Giana,Haddy,ghaddymg@purevolume.com,false,
810,Vasilis,Laffling,vlafflingmh@barnesandnoble.com,false,65.253.143.100
811,Nettle,Farmer,nfarmermi@japanpost.jp,true,62.101.21.23
812,Pippo,Leetham,pleethammj@ebay.co.uk,true,106.185.168.121
813,Llewellyn,McCuaig,lmccuaigmk@free.fr,true,86.143.33.152
814,Lauren,Slocomb,lslocombml@google.co.uk,false,121.187.246.172
815,Kimball,Aylmer,kaylmermm@uol.com.br,true,200.72.8.21
816,Esme,Duckett,educkettmn@aboutads.info,true,
817,Tabby,Shimon,tshimonmo@cargocollective.com,false,
818,Brear,Jaggar,bjaggarmp@webmd.com,false,
819,Reider,Peer,rpeermq@mapy.cz,false,190.137.238.144
820,Daffy,Boards,dboardsmr@themeforest.net,true,181.74.6.197
821,Fredrick,Planque,fplanquems@seesaa.net,true,91.230.0.127
822,Liliane,Cutress,lcutressmt@whitehouse.gov,true,
823,Benny,Shutt,bshuttmu@cam.ac.uk,false,
824,Leroi,Darbishire,ldarbishiremv@livejournal.com,true,149.115.61.221
825,Shauna,MacKniely,smacknielymw@networksolutions.com,false,51.200.53.117
826,Ernesta,Reith,ereithmx@narod.ru,true,
827,Gwenny,,gpedrollomy@theguardian.com,true,173.96.155.60
828,Mollee,Zimmer,mzimmermz@mysql.com,false,233.61.248.11
829,Tulley,Naldrett,tnaldrettn0@thetimes.co.uk,false,214.195.182.205
830,Ayn,,amacaskien1@mlb.com,true,108.96.52.211
831,Betta,Tarney,btarneyn2@xing.com,false,54.76.66.90
832,Tynan,Wheelhouse,twheelhousen3@exblog.jp,false,
833,Alix,Elwyn,aelwynn4@technorati.com,false,233.44.141.92
834,Constantin,Bradburn,cbradburnn5@trellian.com,false,212.116.2.197
835,Jere,,jarmalln6@drupal.org,true,
836,Arne,Bilbrooke,abilbrooken7@soup.io,false,
837,Tedman,,tbleimann8@cornell.edu,true,
838,Raviv,,rainsleen9@nyu.edu,false,171.55.204.218
839,Christyna,Snowling,csnowlingna@xinhuanet.com,false,
840,Brocky,Wendover,bwendovernb@tripadvisor.com,false,191.200.202.137
841,Juline,Catley,jcatleync@google.ca,false,151.218.140.30
842,Rutherford,Lynnett,rlynnettnd@angelfire.com,false,216.34.7.191
843,Deana,Laughlin,dlaughlinne@hostgator.com,false,36.175.80.87
844,Thekla,Anyon,tanyonnf@wufoo.com,true,38.120.16.22
845,Esra,,ereedayng@tripod.com,false,
846,Finlay,Lecordier,flecordiernh@cafepress.com,true,94.249.117.207
847,Brandie,Edmand,bedmandni@goo.ne.jp,true,
848,Zonnya,Collete,zcolletenj@unesco.org,true,
849,Amargo,Stebbins,astebbinsnk@europa.eu,true,
850,Lamar,Ferreri,lferrerinl@acquirethisname.com,false,108.90.91.132
851,Stormi,Bellenger,sbellengernm@smugmug.com,true,158.45.231.101
852,Currie,Deftie,cdeftienn@rakuten.co.jp,true,171.130.119.19
853,Brinn,De la Yglesias,bdelayglesiasno@cloudflare.com,false,50.29.2.13
854,Andi,,aswinfonnp@shinystat.com,true,228.210.137.137
855,Geordie,Mulkerrins,gmulkerrinsnq@columbia.edu,false,
856,Weylin,Bockin,wbockinnr@dailymotion.com,true,
857,Maximilien,,mlemarns@phoca.cz,true,16.205.236.121
858,Hendrick,Henricsson,hhenricssonnt@sphinn.com,false,3.185.222.200
859,Addie,,abartnu@paginegialle.it,false,
860,Helena,Goskar,hgoskarnv@oakley.com,false,183.100.220.69
861,Marsh,,mpennernw@cornell.edu,true,
862,Shawn,Worthing,sworthingnx@mediafire.com,true,75.192.182.239
863,Roch,Poat,rpoatny@is.gd,true,72.224.174.104
864,Hillary,Vasilchikov,hvasilchikovnz@uol.com.br,true,242.152.193.185
865,Odella,Ledwitch,oledwitcho0@blogger.com,false,77.23.74.194
866,Merrick,Duce,mduceo1@creativecommons.org,false,253.141.89.11
867,Vivie,Muslim,vmuslimo2@omniture.com,true,
868,Osmond,Geany,ogeanyo3@sakura.ne.jp,true,14.152.234.241
869,Robby,Daugherty,rdaughertyo4@webs.com,false,189.252.252.167
870,Abbey,Figgins,afigginso5@adobe.com,true,
871,Christyna,Simoncello,csimoncelloo6@ycombinator.com,true,202.117.251.151
872,Garek,Croysdale,gcroysdaleo7@hp.com,true,
873,Polly,Hobben,phobbeno8@artisteer.com,false,
874,Nissy,Foyston,nfoystono9@themeforest.net,false,77.195.113.234
875,Sosanna,Sneaker,ssneakeroa@usda.gov,false,
876,Abner,,agoaleyob@ucoz.com,false,
877,Corrine,Dabell,cdabelloc@nationalgeographic.com,false,
878,Nefen,Baltzar,nbaltzarod@i2i.jp,true,
879,Tomkin,Melwall,tmelwalloe@cmu.edu,false,
880,Ferrell,Baume,fbaumeof@cnet.com,true,57.220.10.80
881,Sibel,Moncreiffe,smoncreiffeog@dot.gov,false,
882,Tana,,tcircuittoh@cafepress.com,false,117.194.253.112
883,Ward,Horsted,whorstedoi@hatena.ne.jp,false,172.42.81.250
884,Jarvis,Wattam,jwattamoj@nih.gov,true,245.245.76.146
885,Letta,Matschuk,lmatschukok@csmonitor.com,false,165.162.30.198
886,Rorie,Thurstan,rthurstanol@bloglines.com,true,88.123.204.146
887,Dee dee,,dbeckhurstom@google.com.br,true,177.214.225.99
888,Marielle,Humberstone,mhumberstoneon@abc.net.au,true,8.162.247.19
889,Chery,Horrod,chorrodoo@dedecms.com,true,148.14.144.85
890,Alisha,Muffett,amuffettop@constantcontact.com,false,
891,Lorianne,Yole,lyoleoq@geocities.com,false,
892,Pavla,Seamer,pseameror@blogspot.com,true,
893,Alexandra,Morot,amorotos@facebook.com,false,226.80.196.7
894,Karney,Normanton,knormantonot@acquirethisname.com,true,55.141.224.86
895,Doe,Brunet,dbrunetou@google.com.hk,true,
896,Tiffany,,ttschirascheov@mtv.com,false,
897,Rayner,Asplin,rasplinow@acquirethisname.com,false,
898,Kleon,Medwell,kmedwellox@elpais.com,true,
899,Allissa,Hatliffe,ahatliffeoy@webmd.com,false,
900,Georgi,Bridle,gbridleoz@chronoengine.com,true,55.196.72.195
901,Melamie,Blore,mblorep0@nhs.uk,true,137.144.171.248
902,Frannie,Bowller,fbowllerp1@dell.com,true,82.156.85.239
903,Pier,Lowdes,plowdesp2@com.com,true,22.202.71.129
904,Giacopo,Peplow,gpeplowp3@ocn.ne.jp,false,118.7.129.1
905,Kylila,Hamlin,khamlinp4@pen.io,true,
906,Lauree,Eburne,leburnep5@vk.com,false,43.201.160.242
907,Bartlett,Vashchenko,bvashchenkop6@parallels.com,false,212.53.253.198
908,Tann,,ttattamp7@hud.gov,false,136.80.154.11
909,Elfie,Ransfield,eransfieldp8@independent.co.uk,false,203.138.16.38
910,Agnes,Caught,acaughtp9@opera.com,false,127.138.9.78
911,Marijn,Sabates,msabatespa@slideshare.net,false,52.225.228.47
912,Jackson,Hugin,jhuginpb@comsenz.com,false,
913,Dianemarie,,dcapnerpc@usatoday.com,false,
914,Nelle,Phifer,nphiferpd@aol.com,false,
915,Dimitry,Benner,dbennerpe@alibaba.com,true,135.86.18.29
916,Jeane,Rastall,jrastallpf@over-blog.com,true,88.243.144.67
917,Rosabelle,Roots,rrootspg@devhub.com,true,
918,Niki,,nmartineph@sohu.com,true,129.148.196.206
919,Delmer,Kops,dkopspi@toplist.cz,false,232.122.81.63
920,Michel,Szanto,mszantopj@digg.com,true,206.155.48.231
921,Caroljean,Anker,cankerpk@macromedia.com,false,219.217.77.182
922,Mair,Ruston,mrustonpl@amazon.co.uk,true,
923,Sterling,Fibbens,sfibbenspm@dyndns.org,false,86.107.252.251
924,Fields,,fchetterpn@t.co,true,
925,Vernen,Sydry,vsydrypo@state.tx.us,true,233.151.65.62
926,Cornie,Somerled,csomerledpp@ifeng.com,false,180.91.120.243
927,Ediva,,eeassompq@usa.gov,false,75.126.191.27
928,Darelle,,dcarnegiepr@flickr.com,true,94.190.2.84
929,Jaimie,Champneys,jchampneysps@utexas.edu,true,16.139.213.236
930,Tori,Kittel,tkittelpt@flickr.com,true,22.199.69.117
931,Georgiana,Valance,gvalancepu@xrea.com,false,
932,Theodor,Galle,tgallepv@answers.com,true,
933,Lynnett,Kantor,lkantorpw@google.ca,false,160.104.163.223
934,Cyril,Teague,cteaguepx@businesswire.com,false,
935,Hadrian,Onraet,honraetpy@si.edu,false,
936,Theodore,Grisdale,tgrisdalepz@nationalgeographic.com,true,71.135.225.201
937,Christie,Galgey,cgalgeyq0@angelfire.com,false,27.178.138.124
938,Berti,Heaney`,bheaneyq1@multiply.com,true,
939,Paula,Tomasoni,ptomasoniq2@exblog.jp,false,6.1.22.215
940,Rita,Streater,rstreaterq3@free.fr,false,200.144.190.92
941,Caresse,Fancett,cfancettq4@youtu.be,true,
942,Dermot,Meffan,dmeffanq5@free.fr,false,247.136.209.199
943,Sheelah,Mohammed,smohammedq6@technorati.com,true,213.174.134.101
944,Emera,Laven,elavenq7@themeforest.net,true,233.60.204.235
945,Caril,Gregoratti,cgregorattiq8@ameblo.jp,false,35.180.13.130
946,Ardis,Straw,astrawq9@nba.com,true,248.59.81.129
947,Anne-marie,Emptage,aemptageqa@sphinn.com,true,3.13.150.147
948,Bendix,Parell,bparellqb@blogger.com,false,71.246.52.82
949,Maris,Heggie,mheggieqc@people.com.cn,true,0.234.157.40
950,Biddie,,blewishamqd@oracle.com,true,
951,Fonsie,Gricewood,fgricewoodqe@answers.com,true,108.250.116.76
952,Sly,Dougharty,sdoughartyqf@is.gd,true,
953,Theresina,Piers,tpiersqg@netlog.com,false,
954,Tris,Trank,ttrankqh@webs.com,false,
955,Melissa,Cootes,mcootesqi@topsy.com,true,165.125.94.15
956,Dalila,Liddall,dliddallqj@wix.com,true,217.163.187.225
957,Riva,,rdurdenqk@uol.com.br,false,225.75.142.40
958,Fredia,,fgoodouneql@issuu.com,false,99.92.23.230
959,Caitrin,McCarthy,cmccarthyqm@bloomberg.com,true,
960,Tim,Scurrey,tscurreyqn@google.co.uk,false,96.105.232.25
961,Martainn,Vearncomb,mvearncombqo@cbc.ca,true,188.71.17.220
962,Nolly,Cellier,ncellierqp@cnet.com,true,
963,Faith,Delieu,fdelieuqq@vk.com,false,206.97.69.89
964,Jefferson,Josskowitz,jjosskowitzqr@booking.com,false,92.194.21.131
965,Kathrine,Schutze,kschutzeqs@t-online.de,false,
966,Viole,McCrisken,vmccriskenqt@usda.gov,false,
967,Barret,Dashkov,bdashkovqu@wikispaces.com,true,173.195.169.97
968,Jay,Hills,jhillsqv@youtube.com,true,216.173.47.158
969,Mitch,Crowe,mcroweqw@ed.gov,false,10.254.238.210
970,Rhianna,Royden,rroydenqx@macromedia.com,true,
971,Aryn,Mallord,amallordqy@nps.gov,true,
972,Phil,Aldham,paldhamqz@opensource.org,true,161.26.32.188
973,Amalia,Billham,abillhamr0@techcrunch.com,false,
974,Morey,Eckersley,meckersleyr1@mit.edu,false,
975,Edie,Twallin,etwallinr2@ox.ac.uk,false,
976,Celene,Matskevich,cmatskevichr3@g.co,true,
977,Cody,Smales,csmalesr4@cpanel.net,true,
978,Perry,Eslemont,peslemontr5@gravatar.com,true,172.75.97.65
979,Sebastian,Tattersdill,stattersdillr6@amazon.co.uk,false,167.40.65.215
980,Petronella,Maiden,pmaidenr7@nbcnews.com,false,
981,King,MacWhan,kmacwhanr8@ebay.com,true,59.72.74.190
982,Laurette,,lbeatonr9@yelp.com,true,
983,Osborn,Daniell,odaniellra@washingtonpost.com,false,
984,Dacia,Defrain,ddefrainrb@ustream.tv,false,238.158.243.98
985,Griffin,Lyfield,glyfieldrc@yandex.ru,true,181.32.215.210
986,Shirlee,Ewer,sewerrd@cargocollective.com,true,
987,Vanya,Boshier,vboshierre@noaa.gov,false,162.210.98.107
988,Debra,Merrell,dmerrellrf@oracle.com,false,
989,Cam,Kitchingham,ckitchinghamrg@hp.com,false,103.79.194.175
990,Kurt,Candwell,kcandwellrh@cargocollective.com,true,
991,Eldredge,,ediamantri@businessweek.com,true,126.35.59.144
992,Alix,Massie,amassierj@forbes.com,false,
993,Marlyn,O'Shee,mosheerk@whitehouse.gov,false,83.155.26.109
994,Ted,Howson,thowsonrl@drupal.org,false,175.61.142.124
995,Alyson,Shird,ashirdrm@twitpic.com,false,
996,Filmore,Mishow,fmishowrn@dot.gov,true,251.63.107.117
997,Ray,Pendock,rpendockro@nasa.gov,false,114.125.142.0
998,Berthe,Dorbin,bdorbinrp@biblegateway.com,false,99.146.221.82
999,Georas,Riveles,grivelesrq@nydailynews.com,false,135.109.248.94
1000,Konstanze,Pilbeam,kpilbeamrr@bizjournals.com,true,72.187.32.168
